Mean,
Error(micrometer), Surface0, Surface1, Surface2, Surface3,Surface4, Surface5, Surface6, Surface7, Surface8, Surface9, totalStdDeviation, TotalMean,
CV0,0.9650, 2.5134, 4.2586, 2.3608, 2.1480, 2.7457, 1.3134, 2.5419, 1.5718, 1.2211, 1.02833092212677, 2.163963556289673,
CV1,1.1703, 2.9513, 4.9718, 3.2939, 3.2564, 3.6315, 1.3674, 2.2946, 1.9550, 1.3673, 1.3167071342468262, 2.625941276550293,
CV2,1.1424, 2.9867, 4.4777, 2.7170, 2.7619, 3.3026, 1.4408, 3.1698, 1.4689, 1.2865, 1.1844854354858398, 2.475432872772217,
CV3,1.1620, 2.8031, 4.2937, 2.2719, 2.1595, 2.2279, 1.1511, 2.2538, 1.4574, 1.1200, 1.0163582563400269, 2.090034008026123,
CV4,0.8863, 2.8751, 5.1499, 2.2673, 2.2492, 2.5261, 1.2343, 2.4080, 1.5256, 1.2191, 1.255046010017395, 2.234095573425293,
CV5,0.9700, 2.6604, 3.9583, 1.9881, 2.0328, 2.3534, 1.1675, 2.5220, 1.4325, 1.1750, 0.9255073070526123, 2.0260093212127686,
CV6,0.8866, 2.4064, 4.6916, 2.5252, 2.6391, 3.4617, 1.2501, 2.8816, 1.4754, 1.0636, 1.4051830768585205, 2.3281147480010986
CV7,
CV8,
CV9,
Avg,

StdardDeviation,
StdDev(micrometer), Surface0, Surface1, Surface2, Surface3,Surface4, Surface5, Surface6, Surface7, Surface8, Surface9, 
CV0, 
CV1, 
CV2, 
CV3, 
CV4, 
CV5, 
CV6, 
CV7, 
CV8, 
CV9, 
Avg, 
